venta_id,fecha,producto_id,unidades,precio_unitario
V001,2026-10-01,P01,1,5
V002,2026-10-02,P02,2,2
V003,2026-10-03,P03,3,12
V004,2026-10-04,P04,4,25
V005,2026-10-05,P05,1,8
V006,2026-10-06,P06,2,18
V007,2026-10-07,P07,3,15
V008,2026-10-01,P08,4,20
V009,2026-10-02,P01,1,5
V010,2026-10-03,P02,2,2
V011,2026-10-04,P03,3,12
V012,2026-10-05,P04,4,25
V013,2026-10-06,P05,1,8
V014,2026-10-07,P06,2,18
V015,2026-10-01,P07,3,15
V016,2026-10-02,P08,4,20
V017,2026-10-03,P01,1,5
V018,2026-10-04,P02,2,2
V019,2026-10-05,P03,3,12
V020,2026-10-06,P04,4,25
V021,2026-10-07,P05,1,8
V022,2026-10-01,P06,2,18
V023,2026-10-02,P07,3,15
V024,2026-10-03,P08,4,20
V025,2026-10-04,P01,1,5
V026,2026-10-05,P02,2,2
V027,2026-10-06,P03,3,12
V028,2026-10-07,P04,4,25
V029,2026-10-01,P05,1,8
V030,2026-10-02,P06,2,18
V031,2026-10-03,P07,3,15
V032,2026-10-04,P08,4,20
V033,2026-10-05,P01,1,5
V034,2026-10-06,P02,2,2
V035,2026-10-07,P03,3,12
V036,2026-10-01,P04,4,25
V037,2026-10-02,P05,1,8
V038,2026-10-03,P06,2,18
V039,2026-10-04,P07,3,15
V040,2026-10-05,P08,4,20
V041,2026-10-06,P01,1,5
V042,2026-10-07,P02,2,2
V043,2026-10-01,P03,3,12
V044,2026-10-02,P04,4,25
V045,2026-10-03,P05,1,8
V046,2026-10-04,P06,2,18
V047,2026-10-05,P07,3,15
V048,2026-10-06,P08,4,20
V049,2026-10-07,P01,1,5
V050,2026-10-01,P02,2,2
V051,2026-10-02,P03,3,12
V052,2026-10-03,P04,4,25
V053,2026-10-04,P05,1,8
V054,2026-10-05,P06,2,18
V055,2026-10-06,P07,3,15
V056,2026-10-07,P08,4,20
V057,2026-10-01,P01,1,5
V058,2026-10-02,P02,2,2
V059,2026-10-03,P03,3,12
V060,2026-10-04,P04,4,25
V003,2026-10-03,P03,3,12
V011,2026-10-04,P03,3,12
V021,2026-10-07,P05,1,8
V036,2026-10-01,P04,4,25
V049,2026-10-07,P01,1,5
V061,2026-10-07,P01,,5
V062,2026-10-07,P02,2,
V063,2026-10-07,P99,1,10
V064,2026-10-07,P03,-2,12
V065,2026-10-07,P04,1,gratis
